timestamp,symbol,enter,leave,scale
2026-06-19 00:00:00+00:00,QQQ,False,False,1.0
2026-06-19 00:00:00+00:00,SPY,False,False,1.0
2026-06-19 00:00:00+00:00,AAPL,False,False,1.0
2026-06-19 00:00:00+00:00,TSLA,False,False,0.9295200803367767
2026-06-24 08:00:00+00:00,QQQ,False,False,1.0
2026-06-24 08:00:00+00:00,SPY,False,False,1.0
2026-06-24 08:00:00+00:00,AAPL,False,False,0.8246547931324774
2026-06-24 08:00:00+00:00,TSLA,False,False,0.6161078205946399
2026-06-24 12:00:00+00:00,QQQ,False,False,1.0
2026-06-24 12:00:00+00:00,SPY,False,False,1.0
2026-06-24 12:00:00+00:00,AAPL,False,False,0.8462830890699222
2026-06-24 12:00:00+00:00,TSLA,False,False,0.6392120676427026
2026-06-24 16:00:00+00:00,QQQ,False,False,1.0
2026-06-24 16:00:00+00:00,SPY,False,False,1.0
2026-06-24 16:00:00+00:00,AAPL,False,False,0.8352742785191427
2026-06-24 16:00:00+00:00,TSLA,False,False,0.6546248112134065
2026-06-24 20:00:00+00:00,QQQ,False,True,1.0
2026-06-24 20:00:00+00:00,AAPL,False,False,0.7505809459987296
2026-06-24 20:00:00+00:00,TSLA,False,True,0.6602210352690158
2026-06-25 00:00:00+00:00,QQQ,False,False,1.0
2026-06-25 00:00:00+00:00,SPY,False,False,1.0
2026-06-25 00:00:00+00:00,AAPL,False,True,0.7635400414877853
2026-06-25 00:00:00+00:00,TSLA,False,False,0.6697448632492541
2026-06-25 04:00:00+00:00,QQQ,False,False,1.0
2026-06-25 04:00:00+00:00,SPY,False,False,1.0
2026-06-25 04:00:00+00:00,TSLA,False,False,0.684674946908648
2026-06-25 08:00:00+00:00,QQQ,False,False,1.0
2026-06-25 08:00:00+00:00,SPY,False,False,1.0
2026-06-25 08:00:00+00:00,AAPL,False,False,0.7964927625606064
2026-06-25 08:00:00+00:00,TSLA,False,False,0.667754643625308
2026-06-25 12:00:00+00:00,QQQ,False,False,1.0
2026-06-25 12:00:00+00:00,SPY,False,False,1.0
2026-06-25 12:00:00+00:00,AAPL,False,False,0.7973855265203265
2026-06-25 12:00:00+00:00,TSLA,False,False,0.6728091350138841
2026-06-25 16:00:00+00:00,QQQ,False,False,1.0
2026-06-25 16:00:00+00:00,SPY,False,False,1.0
2026-06-25 16:00:00+00:00,AAPL,False,True,0.5918714943706985
2026-06-25 16:00:00+00:00,TSLA,False,False,0.868522647957365
2026-06-25 20:00:00+00:00,QQQ,False,False,1.0
2026-06-25 20:00:00+00:00,SPY,False,False,1.0
2026-06-25 20:00:00+00:00,AAPL,False,True,0.5970961764371104
2026-06-25 20:00:00+00:00,TSLA,False,False,0.8675206344324984
2026-06-26 00:00:00+00:00,QQQ,False,False,1.0
2026-06-26 00:00:00+00:00,SPY,False,False,1.0
2026-06-26 00:00:00+00:00,AAPL,False,False,0.5915453064929787
2026-06-26 00:00:00+00:00,TSLA,False,False,0.8666797219509733
2026-06-26 04:00:00+00:00,QQQ,False,False,1.0
2026-06-26 04:00:00+00:00,SPY,False,True,1.0
2026-06-26 04:00:00+00:00,AAPL,False,False,0.6149743587278423
2026-06-26 04:00:00+00:00,TSLA,False,True,0.8602062267215232
2026-06-26 08:00:00+00:00,QQQ,False,False,1.0
2026-06-26 08:00:00+00:00,SPY,False,False,1.0
2026-06-26 08:00:00+00:00,AAPL,False,False,0.6220663695341938
2026-06-26 08:00:00+00:00,TSLA,False,False,0.8562702672958326
2026-06-26 12:00:00+00:00,QQQ,False,False,1.0
2026-06-26 12:00:00+00:00,SPY,False,False,1.0
2026-06-26 12:00:00+00:00,AAPL,False,False,0.6190717492609724
2026-06-26 12:00:00+00:00,TSLA,False,False,0.8643493007807039
2026-06-26 16:00:00+00:00,QQQ,False,False,1.0
2026-06-26 16:00:00+00:00,SPY,False,False,1.0
2026-06-26 16:00:00+00:00,AAPL,False,False,0.6383534184892002
2026-06-26 16:00:00+00:00,TSLA,False,False,0.7231068599840178
2026-06-26 20:00:00+00:00,QQQ,False,False,0.9983212193637367
2026-06-26 20:00:00+00:00,SPY,False,False,1.0
2026-06-26 20:00:00+00:00,AAPL,False,False,0.6054620091677783
2026-06-26 20:00:00+00:00,TSLA,False,False,0.6904092170982851
2026-06-27 00:00:00+00:00,QQQ,False,False,1.0
2026-06-27 00:00:00+00:00,SPY,False,False,1.0
2026-06-27 00:00:00+00:00,AAPL,False,False,0.6042996260329836
2026-06-27 00:00:00+00:00,TSLA,False,False,0.6904939192973213
2026-07-01 00:00:00+00:00,TSLA,False,False,0.4686831018117032
2026-07-01 04:00:00+00:00,TSLA,False,False,0.48280955399203407
2026-07-01 08:00:00+00:00,QQQ,False,False,1.0
2026-07-01 08:00:00+00:00,SPY,False,False,1.0
2026-07-01 08:00:00+00:00,AAPL,False,False,1.0
2026-07-01 08:00:00+00:00,TSLA,False,False,0.5017014950358476
2026-07-01 12:00:00+00:00,QQQ,False,False,1.0
2026-07-01 12:00:00+00:00,SPY,False,False,1.0
2026-07-01 12:00:00+00:00,AAPL,False,False,1.0
2026-07-01 12:00:00+00:00,TSLA,False,False,0.5181677237187907
2026-07-01 16:00:00+00:00,QQQ,False,False,1.0
2026-07-01 16:00:00+00:00,SPY,False,False,1.0
2026-07-01 16:00:00+00:00,AAPL,False,False,0.8875214676067633
2026-07-01 16:00:00+00:00,TSLA,False,False,0.5254450641423598
2026-07-01 20:00:00+00:00,QQQ,False,True,1.0
2026-07-01 20:00:00+00:00,SPY,False,False,1.0
2026-07-01 20:00:00+00:00,AAPL,True,False,0.9076874526947668
2026-07-01 20:00:00+00:00,TSLA,True,False,0.5279260128788809
2026-07-02 00:00:00+00:00,QQQ,False,True,1.0
2026-07-02 00:00:00+00:00,SPY,False,False,1.0
2026-07-02 00:00:00+00:00,AAPL,False,False,0.9369161553186175
2026-07-02 00:00:00+00:00,TSLA,False,False,0.5360655240819867
2026-07-02 04:00:00+00:00,QQQ,False,False,1.0
2026-07-02 04:00:00+00:00,AAPL,False,False,0.9575897732741047
2026-07-02 04:00:00+00:00,TSLA,False,False,0.549704972519805
2026-07-02 08:00:00+00:00,QQQ,False,True,1.0
2026-07-02 08:00:00+00:00,SPY,False,False,1.0
2026-07-02 08:00:00+00:00,AAPL,False,False,0.9735472752654288
2026-07-02 08:00:00+00:00,TSLA,False,False,0.5491643138798245
2026-07-02 12:00:00+00:00,QQQ,False,False,1.0
2026-07-02 12:00:00+00:00,SPY,False,False,1.0
2026-07-02 12:00:00+00:00,AAPL,False,False,0.9489157876959335
2026-07-02 12:00:00+00:00,TSLA,False,False,0.5517782640508065
2026-07-02 16:00:00+00:00,QQQ,False,True,1.0
2026-07-02 16:00:00+00:00,SPY,False,False,1.0
2026-07-02 16:00:00+00:00,AAPL,False,False,0.7204844027423917
2026-07-02 16:00:00+00:00,TSLA,False,True,0.41058937227484005
2026-07-02 20:00:00+00:00,QQQ,False,True,1.0
2026-07-02 20:00:00+00:00,SPY,False,False,1.0
2026-07-02 20:00:00+00:00,AAPL,True,False,0.720706404637432
2026-07-02 20:00:00+00:00,TSLA,False,True,0.43270400228003003
2026-07-03 00:00:00+00:00,QQQ,False,False,1.0
2026-07-03 00:00:00+00:00,SPY,False,False,1.0
2026-07-03 00:00:00+00:00,AAPL,True,False,0.7245928943479046
2026-07-03 00:00:00+00:00,TSLA,False,False,0.4320144834865029
2026-07-08 08:00:00+00:00,QQQ,False,False,1.0
2026-07-08 08:00:00+00:00,SPY,False,False,1.0
2026-07-08 08:00:00+00:00,AAPL,False,False,1.0
2026-07-08 08:00:00+00:00,TSLA,False,False,0.552552240711953
2026-07-08 12:00:00+00:00,QQQ,False,True,1.0
2026-07-08 12:00:00+00:00,SPY,False,True,1.0
2026-07-08 12:00:00+00:00,AAPL,False,True,1.0
2026-07-08 12:00:00+00:00,TSLA,False,True,0.5580057488058953
2026-07-08 16:00:00+00:00,QQQ,False,False,1.0
2026-07-08 16:00:00+00:00,SPY,False,False,1.0
2026-07-08 16:00:00+00:00,AAPL,False,False,1.0
2026-07-08 16:00:00+00:00,TSLA,False,True,0.563375737337527
2026-07-08 20:00:00+00:00,QQQ,False,False,1.0
2026-07-08 20:00:00+00:00,SPY,False,False,1.0
2026-07-08 20:00:00+00:00,AAPL,False,False,1.0
2026-07-08 20:00:00+00:00,TSLA,False,False,0.5824264340819022
2026-07-09 00:00:00+00:00,QQQ,False,False,1.0
2026-07-09 00:00:00+00:00,SPY,False,False,1.0
2026-07-09 00:00:00+00:00,AAPL,False,False,1.0
2026-07-09 00:00:00+00:00,TSLA,False,False,0.6015040184452782
2026-07-09 04:00:00+00:00,QQQ,False,False,1.0
2026-07-09 04:00:00+00:00,SPY,False,False,1.0
2026-07-09 04:00:00+00:00,TSLA,False,False,0.6192417086370668
2026-07-09 08:00:00+00:00,QQQ,False,False,1.0
2026-07-09 08:00:00+00:00,SPY,False,False,1.0
2026-07-09 08:00:00+00:00,AAPL,False,False,1.0
2026-07-09 12:00:00+00:00,QQQ,False,False,1.0
2026-07-09 12:00:00+00:00,SPY,False,False,1.0
2026-07-09 12:00:00+00:00,AAPL,False,False,1.0
2026-07-09 12:00:00+00:00,TSLA,False,False,0.6132239701659049
2026-07-09 16:00:00+00:00,QQQ,False,False,1.0
2026-07-09 16:00:00+00:00,SPY,False,False,1.0
2026-07-09 16:00:00+00:00,AAPL,False,False,1.0
2026-07-09 16:00:00+00:00,TSLA,False,False,0.8323920867114608
2026-07-09 20:00:00+00:00,QQQ,False,False,1.0
2026-07-09 20:00:00+00:00,SPY,False,False,1.0
2026-07-09 20:00:00+00:00,AAPL,False,False,1.0
2026-07-09 20:00:00+00:00,TSLA,False,False,0.7973198932201521
2026-07-10 00:00:00+00:00,QQQ,False,False,1.0
2026-07-10 00:00:00+00:00,SPY,False,False,1.0
2026-07-10 00:00:00+00:00,AAPL,False,False,1.0
2026-07-10 00:00:00+00:00,TSLA,False,False,0.8020263596586045
2026-07-10 04:00:00+00:00,QQQ,False,False,1.0
2026-07-10 04:00:00+00:00,SPY,False,False,1.0
2026-07-10 04:00:00+00:00,TSLA,False,False,0.8088801646116003
2026-07-10 08:00:00+00:00,QQQ,False,False,1.0
2026-07-10 08:00:00+00:00,SPY,False,False,1.0
2026-07-10 08:00:00+00:00,AAPL,False,False,1.0
2026-07-10 08:00:00+00:00,TSLA,False,False,0.807869660916856
2026-07-10 12:00:00+00:00,QQQ,False,False,1.0
2026-07-10 12:00:00+00:00,SPY,False,False,1.0
2026-07-10 12:00:00+00:00,AAPL,False,False,1.0
2026-07-10 12:00:00+00:00,TSLA,False,False,0.8244470309154709
2026-07-10 16:00:00+00:00,QQQ,False,False,1.0
2026-07-10 16:00:00+00:00,SPY,False,False,1.0
2026-07-10 16:00:00+00:00,AAPL,False,False,1.0
2026-07-10 16:00:00+00:00,TSLA,False,False,1.0
2026-07-10 20:00:00+00:00,QQQ,False,False,1.0
2026-07-10 20:00:00+00:00,SPY,True,False,1.0
2026-07-10 20:00:00+00:00,AAPL,False,False,1.0
2026-07-10 20:00:00+00:00,TSLA,False,False,1.0
2026-07-11 00:00:00+00:00,QQQ,True,False,1.0
2026-07-11 00:00:00+00:00,SPY,True,False,1.0
2026-07-11 00:00:00+00:00,AAPL,False,False,1.0
2026-07-11 00:00:00+00:00,TSLA,False,False,1.0
2026-07-15 08:00:00+00:00,AAPL,False,False,1.0
2026-07-15 12:00:00+00:00,QQQ,False,False,1.0
2026-07-15 12:00:00+00:00,SPY,False,False,1.0
2026-07-15 12:00:00+00:00,AAPL,False,False,1.0
2026-07-15 12:00:00+00:00,TSLA,False,False,1.0
2026-07-15 16:00:00+00:00,QQQ,False,False,1.0
2026-07-15 16:00:00+00:00,SPY,False,False,1.0
2026-07-15 16:00:00+00:00,AAPL,False,False,0.9439422023395765
2026-07-15 16:00:00+00:00,TSLA,False,False,1.0
2026-07-15 20:00:00+00:00,QQQ,False,False,1.0
2026-07-15 20:00:00+00:00,SPY,False,False,1.0
2026-07-15 20:00:00+00:00,AAPL,True,False,0.9760401045500283
2026-07-15 20:00:00+00:00,TSLA,False,False,1.0
2026-07-16 00:00:00+00:00,QQQ,False,False,1.0
2026-07-16 00:00:00+00:00,SPY,False,False,1.0
2026-07-16 00:00:00+00:00,AAPL,True,False,1.0
2026-07-16 00:00:00+00:00,TSLA,False,False,1.0
2026-07-16 04:00:00+00:00,QQQ,False,False,1.0
2026-07-16 04:00:00+00:00,SPY,False,False,1.0
2026-07-16 04:00:00+00:00,TSLA,False,False,1.0
2026-07-16 08:00:00+00:00,QQQ,False,False,1.0
2026-07-16 08:00:00+00:00,AAPL,False,False,1.0
2026-07-16 08:00:00+00:00,TSLA,False,False,1.0
2026-07-16 12:00:00+00:00,QQQ,False,False,1.0
2026-07-16 12:00:00+00:00,SPY,False,False,1.0
2026-07-16 12:00:00+00:00,AAPL,False,False,1.0
2026-07-16 12:00:00+00:00,TSLA,False,False,1.0
2026-07-16 16:00:00+00:00,QQQ,False,False,1.0
2026-07-16 16:00:00+00:00,SPY,False,False,1.0
2026-07-16 16:00:00+00:00,AAPL,False,False,1.0
2026-07-16 16:00:00+00:00,TSLA,False,False,1.0
2026-07-16 20:00:00+00:00,QQQ,False,True,1.0
2026-07-16 20:00:00+00:00,SPY,False,False,1.0
2026-07-16 20:00:00+00:00,AAPL,True,False,1.0
2026-07-16 20:00:00+00:00,TSLA,False,False,1.0
2026-07-17 00:00:00+00:00,QQQ,False,False,1.0
2026-07-17 00:00:00+00:00,SPY,False,False,1.0
2026-07-17 00:00:00+00:00,AAPL,True,False,1.0
2026-07-17 00:00:00+00:00,TSLA,False,False,1.0
2026-07-17 04:00:00+00:00,QQQ,False,True,1.0
2026-07-17 04:00:00+00:00,SPY,False,True,1.0
2026-07-17 04:00:00+00:00,AAPL,True,False,1.0
2026-07-17 04:00:00+00:00,TSLA,False,False,1.0
2026-07-17 08:00:00+00:00,QQQ,False,True,1.0
2026-07-17 08:00:00+00:00,SPY,False,True,1.0
2026-07-17 08:00:00+00:00,AAPL,False,False,1.0
2026-07-17 08:00:00+00:00,TSLA,False,True,1.0
2026-07-17 12:00:00+00:00,QQQ,False,False,1.0
2026-07-17 12:00:00+00:00,SPY,False,False,1.0
2026-07-17 12:00:00+00:00,AAPL,False,False,0.9799277782993132
2026-07-17 12:00:00+00:00,TSLA,False,False,1.0
2026-07-17 16:00:00+00:00,QQQ,False,False,1.0
2026-07-17 16:00:00+00:00,SPY,False,False,1.0
2026-07-17 16:00:00+00:00,AAPL,False,False,0.9930981220428116
2026-07-17 16:00:00+00:00,TSLA,False,True,1.0
2026-07-17 20:00:00+00:00,QQQ,False,False,1.0
2026-07-17 20:00:00+00:00,AAPL,False,False,0.994611977004664
2026-07-17 20:00:00+00:00,TSLA,False,False,1.0
2026-07-18 00:00:00+00:00,QQQ,False,False,1.0
2026-07-18 00:00:00+00:00,SPY,False,False,1.0
2026-07-18 00:00:00+00:00,AAPL,False,False,0.9912183748177827
2026-07-18 00:00:00+00:00,TSLA,False,False,1.0
2026-07-22 08:00:00+00:00,QQQ,False,False,1.0
2026-07-22 08:00:00+00:00,SPY,False,False,1.0
2026-07-22 08:00:00+00:00,AAPL,False,False,1.0
2026-07-22 12:00:00+00:00,QQQ,False,False,1.0
2026-07-22 12:00:00+00:00,SPY,False,False,1.0
2026-07-22 12:00:00+00:00,AAPL,False,False,1.0
2026-07-22 12:00:00+00:00,TSLA,False,False,0.7141221890303714
2026-07-22 16:00:00+00:00,QQQ,False,False,1.0
2026-07-22 16:00:00+00:00,SPY,False,False,1.0
2026-07-22 16:00:00+00:00,AAPL,False,False,1.0
2026-07-22 16:00:00+00:00,TSLA,False,False,0.7359049043665027
2026-07-22 20:00:00+00:00,QQQ,False,False,1.0
2026-07-22 20:00:00+00:00,SPY,False,False,1.0
2026-07-22 20:00:00+00:00,AAPL,False,False,1.0
2026-07-22 20:00:00+00:00,TSLA,False,True,0.741495715169668
2026-07-23 00:00:00+00:00,QQQ,False,False,1.0
2026-07-23 00:00:00+00:00,SPY,False,False,1.0
2026-07-23 00:00:00+00:00,AAPL,False,False,1.0
2026-07-23 00:00:00+00:00,TSLA,False,True,0.5620846268228458
2026-07-23 04:00:00+00:00,QQQ,False,False,1.0
2026-07-23 04:00:00+00:00,SPY,False,False,1.0
2026-07-23 04:00:00+00:00,TSLA,False,False,0.5793194748457835
2026-07-23 08:00:00+00:00,QQQ,False,False,1.0
2026-07-23 08:00:00+00:00,SPY,False,True,1.0
2026-07-23 08:00:00+00:00,AAPL,False,False,1.0
2026-07-23 08:00:00+00:00,TSLA,False,False,0.5804739358717275
2026-07-23 12:00:00+00:00,QQQ,False,False,1.0
2026-07-23 12:00:00+00:00,SPY,False,False,1.0
2026-07-23 12:00:00+00:00,AAPL,False,False,1.0
2026-07-23 16:00:00+00:00,QQQ,False,True,1.0
2026-07-23 16:00:00+00:00,SPY,False,True,1.0
2026-07-23 16:00:00+00:00,AAPL,False,True,1.0
2026-07-23 16:00:00+00:00,TSLA,False,True,0.4116615452598497
2026-07-23 20:00:00+00:00,QQQ,False,False,1.0
2026-07-23 20:00:00+00:00,SPY,False,False,1.0
2026-07-23 20:00:00+00:00,AAPL,False,False,1.0
2026-07-23 20:00:00+00:00,TSLA,False,False,0.4102677554272069
2026-07-24 00:00:00+00:00,QQQ,False,False,1.0
2026-07-24 00:00:00+00:00,SPY,False,False,1.0
2026-07-24 00:00:00+00:00,AAPL,False,False,1.0
2026-07-24 00:00:00+00:00,TSLA,False,False,0.3997198705943772
2026-07-24 04:00:00+00:00,QQQ,False,False,1.0
2026-07-24 04:00:00+00:00,SPY,False,False,1.0
2026-07-24 04:00:00+00:00,AAPL,False,False,1.0
2026-07-24 04:00:00+00:00,TSLA,False,False,0.4055575942762312
2026-07-24 08:00:00+00:00,QQQ,False,False,1.0
2026-07-24 08:00:00+00:00,AAPL,False,False,1.0
2026-07-24 08:00:00+00:00,TSLA,False,False,0.3985949492747529
2026-07-24 12:00:00+00:00,QQQ,False,False,1.0
2026-07-24 12:00:00+00:00,SPY,False,False,1.0
2026-07-24 12:00:00+00:00,AAPL,False,False,1.0
2026-07-24 12:00:00+00:00,TSLA,False,False,0.39882363564521023
2026-07-24 16:00:00+00:00,QQQ,False,False,1.0
2026-07-24 16:00:00+00:00,SPY,False,False,1.0
2026-07-24 16:00:00+00:00,AAPL,False,False,0.9171075605690597
2026-07-24 16:00:00+00:00,TSLA,False,True,0.4054925787206105
2026-07-24 20:00:00+00:00,QQQ,False,False,1.0
2026-07-24 20:00:00+00:00,SPY,False,False,1.0
2026-07-24 20:00:00+00:00,AAPL,True,False,0.92257237742687
2026-07-24 20:00:00+00:00,TSLA,False,False,0.3977054035883946
2026-07-25 00:00:00+00:00,QQQ,False,False,1.0
2026-07-25 00:00:00+00:00,SPY,False,False,1.0
2026-07-25 00:00:00+00:00,AAPL,False,False,0.9654814694398534
2026-07-25 00:00:00+00:00,TSLA,False,False,0.40106874423457145
2026-07-29 08:00:00+00:00,QQQ,False,False,1.0
2026-07-29 08:00:00+00:00,SPY,False,False,1.0
2026-07-29 08:00:00+00:00,AAPL,False,False,1.0
2026-07-29 08:00:00+00:00,TSLA,False,False,0.8530505213101305
2026-07-29 12:00:00+00:00,QQQ,False,False,1.0
2026-07-29 12:00:00+00:00,SPY,False,False,1.0
2026-07-29 12:00:00+00:00,AAPL,False,False,1.0
2026-07-29 12:00:00+00:00,TSLA,False,False,0.8510208106000052
2026-07-29 16:00:00+00:00,QQQ,False,True,0.9586656189258683
2026-07-29 16:00:00+00:00,SPY,False,True,1.0
2026-07-29 16:00:00+00:00,AAPL,False,False,1.0
2026-07-29 16:00:00+00:00,TSLA,False,False,0.7515745095508483
2026-07-29 20:00:00+00:00,QQQ,False,True,0.9842783586805741
2026-07-29 20:00:00+00:00,SPY,False,True,1.0
2026-07-29 20:00:00+00:00,AAPL,False,False,1.0
2026-07-29 20:00:00+00:00,TSLA,False,True,0.7645264279769359
2026-07-30 00:00:00+00:00,QQQ,False,False,0.9741474850888571
2026-07-30 00:00:00+00:00,SPY,False,False,1.0
2026-07-30 00:00:00+00:00,AAPL,False,False,1.0
2026-07-30 00:00:00+00:00,TSLA,False,True,0.7894151867109459
2026-07-30 04:00:00+00:00,QQQ,False,False,1.0
2026-07-30 04:00:00+00:00,SPY,False,False,1.0
2026-07-30 04:00:00+00:00,AAPL,False,False,1.0
2026-07-30 04:00:00+00:00,TSLA,False,False,0.784254421120205
2026-07-30 08:00:00+00:00,QQQ,False,False,1.0
2026-07-30 08:00:00+00:00,SPY,False,False,1.0
2026-07-30 08:00:00+00:00,AAPL,False,False,1.0
2026-07-30 08:00:00+00:00,TSLA,False,False,0.7970207075438015
2026-07-30 12:00:00+00:00,QQQ,False,False,0.9291185375014812
2026-07-30 12:00:00+00:00,SPY,False,False,1.0
2026-07-30 12:00:00+00:00,AAPL,False,True,1.0
2026-07-30 12:00:00+00:00,TSLA,False,False,0.7416854203978008
2026-07-30 16:00:00+00:00,SPY,False,False,1.0
2026-07-30 16:00:00+00:00,AAPL,False,True,1.0
2026-07-30 16:00:00+00:00,TSLA,False,False,0.8115843847673264
2026-07-30 20:00:00+00:00,QQQ,False,False,1.0
2026-07-30 20:00:00+00:00,SPY,False,False,1.0
2026-07-30 20:00:00+00:00,AAPL,False,False,1.0
2026-07-30 20:00:00+00:00,TSLA,False,False,0.7840210267139615
2026-07-31 00:00:00+00:00,QQQ,False,False,0.9992668939727628
2026-07-31 00:00:00+00:00,SPY,False,False,1.0
2026-07-31 00:00:00+00:00,AAPL,False,True,0.5347341723743976
2026-07-31 00:00:00+00:00,TSLA,False,False,0.7861047951669873
2026-07-31 04:00:00+00:00,QQQ,True,False,1.0
2026-07-31 04:00:00+00:00,SPY,False,False,1.0
2026-07-31 04:00:00+00:00,AAPL,False,False,0.5321067464006056
2026-07-31 04:00:00+00:00,TSLA,False,False,0.7948170649920115
2026-07-31 08:00:00+00:00,QQQ,True,False,1.0
2026-07-31 08:00:00+00:00,SPY,True,False,1.0
2026-07-31 08:00:00+00:00,AAPL,False,False,0.5312946388741194
2026-07-31 08:00:00+00:00,TSLA,True,False,0.7623081286953793
2026-07-31 12:00:00+00:00,QQQ,False,False,1.0
2026-07-31 12:00:00+00:00,SPY,False,False,1.0
2026-07-31 12:00:00+00:00,AAPL,False,False,0.5325900552599183
2026-07-31 12:00:00+00:00,TSLA,False,False,0.733970459578115
2026-07-31 16:00:00+00:00,QQQ,False,False,0.967665950618645
2026-07-31 16:00:00+00:00,SPY,False,False,1.0
2026-07-31 16:00:00+00:00,AAPL,False,True,0.5212716947090303
2026-07-31 16:00:00+00:00,TSLA,False,False,0.7246821574879639
2026-07-31 20:00:00+00:00,QQQ,False,False,0.9733101056837572
2026-07-31 20:00:00+00:00,SPY,False,False,1.0
2026-07-31 20:00:00+00:00,AAPL,False,False,0.47409399668865826
2026-07-31 20:00:00+00:00,TSLA,False,False,0.7127164604030788
2026-08-01 00:00:00+00:00,SPY,False,False,1.0
2026-08-01 00:00:00+00:00,AAPL,False,False,0.47833377760979123
2026-08-01 00:00:00+00:00,TSLA,False,False,0.7065746358179138
2026-08-05 08:00:00+00:00,QQQ,False,False,1.0
2026-08-05 08:00:00+00:00,AAPL,False,False,0.8776877009905438
2026-08-05 08:00:00+00:00,TSLA,False,False,0.7380053272618049
2026-08-05 12:00:00+00:00,QQQ,False,False,1.0
2026-08-05 12:00:00+00:00,SPY,False,False,1.0
2026-08-05 12:00:00+00:00,AAPL,False,False,0.8645545494457542
2026-08-05 12:00:00+00:00,TSLA,False,False,0.7299277176800755
2026-08-05 16:00:00+00:00,QQQ,False,False,1.0
2026-08-05 16:00:00+00:00,SPY,False,False,1.0
2026-08-05 16:00:00+00:00,AAPL,False,False,0.8969997216067148
2026-08-05 16:00:00+00:00,TSLA,False,False,0.738518891781807
2026-08-05 20:00:00+00:00,QQQ,False,True,1.0
2026-08-05 20:00:00+00:00,SPY,False,False,1.0
2026-08-05 20:00:00+00:00,AAPL,False,False,0.893773832901622
2026-08-05 20:00:00+00:00,TSLA,False,False,0.7625734533572294
2026-08-06 00:00:00+00:00,QQQ,False,True,1.0
2026-08-06 00:00:00+00:00,SPY,False,False,1.0
2026-08-06 00:00:00+00:00,AAPL,False,False,0.9161706413019208
2026-08-06 00:00:00+00:00,TSLA,False,False,0.7871680039606694
2026-08-06 04:00:00+00:00,QQQ,False,False,1.0
2026-08-06 04:00:00+00:00,SPY,False,False,1.0
2026-08-06 04:00:00+00:00,AAPL,False,False,0.9426477638635203
2026-08-06 04:00:00+00:00,TSLA,False,False,0.8113939103988921
2026-08-06 08:00:00+00:00,QQQ,False,False,1.0
2026-08-06 08:00:00+00:00,AAPL,False,False,0.9419058325265316
2026-08-06 08:00:00+00:00,TSLA,False,False,0.8140216543723349
2026-08-06 12:00:00+00:00,QQQ,False,False,1.0
2026-08-06 12:00:00+00:00,SPY,False,False,1.0
2026-08-06 12:00:00+00:00,AAPL,False,False,0.9675564538456415
2026-08-06 12:00:00+00:00,TSLA,False,False,0.8248730199035985
2026-08-06 16:00:00+00:00,QQQ,False,False,1.0
2026-08-06 16:00:00+00:00,SPY,False,True,1.0
2026-08-06 16:00:00+00:00,AAPL,False,False,1.0
2026-08-06 16:00:00+00:00,TSLA,False,True,1.0
2026-08-06 20:00:00+00:00,QQQ,False,False,1.0
2026-08-06 20:00:00+00:00,SPY,False,False,1.0
2026-08-06 20:00:00+00:00,AAPL,False,False,1.0
2026-08-06 20:00:00+00:00,TSLA,False,False,1.0
2026-08-07 00:00:00+00:00,QQQ,False,False,1.0
2026-08-07 00:00:00+00:00,SPY,False,False,1.0
2026-08-07 00:00:00+00:00,AAPL,False,False,1.0
2026-08-07 00:00:00+00:00,TSLA,False,False,1.0
2026-08-07 04:00:00+00:00,QQQ,False,False,1.0
2026-08-07 04:00:00+00:00,AAPL,False,False,1.0
2026-08-07 04:00:00+00:00,TSLA,False,False,1.0
2026-08-07 08:00:00+00:00,QQQ,False,False,1.0
2026-08-07 08:00:00+00:00,SPY,False,False,1.0
2026-08-07 08:00:00+00:00,AAPL,False,False,1.0
2026-08-07 08:00:00+00:00,TSLA,False,False,1.0
2026-08-07 12:00:00+00:00,QQQ,False,False,1.0
2026-08-07 12:00:00+00:00,SPY,False,False,1.0
2026-08-07 12:00:00+00:00,AAPL,False,False,1.0
2026-08-07 12:00:00+00:00,TSLA,False,False,1.0
2026-08-07 16:00:00+00:00,QQQ,False,False,1.0
2026-08-07 16:00:00+00:00,SPY,False,False,1.0
2026-08-07 16:00:00+00:00,AAPL,False,False,1.0
2026-08-07 16:00:00+00:00,TSLA,False,False,0.9232601292975064
2026-08-07 20:00:00+00:00,QQQ,False,False,1.0
2026-08-07 20:00:00+00:00,SPY,False,False,1.0
2026-08-07 20:00:00+00:00,AAPL,False,False,1.0
2026-08-07 20:00:00+00:00,TSLA,False,False,0.9176967543153798
2026-08-08 00:00:00+00:00,QQQ,False,False,1.0
2026-08-08 00:00:00+00:00,SPY,False,False,1.0
2026-08-08 00:00:00+00:00,AAPL,False,False,1.0
2026-08-08 00:00:00+00:00,TSLA,False,False,0.9326910508294425
2026-08-12 08:00:00+00:00,QQQ,False,False,1.0
2026-08-12 08:00:00+00:00,AAPL,False,False,1.0
2026-08-12 12:00:00+00:00,QQQ,False,False,1.0
2026-08-12 12:00:00+00:00,SPY,False,False,1.0
2026-08-12 12:00:00+00:00,AAPL,False,False,1.0
2026-08-12 12:00:00+00:00,TSLA,False,False,1.0
2026-08-12 16:00:00+00:00,QQQ,False,False,1.0
2026-08-12 16:00:00+00:00,SPY,False,False,1.0
2026-08-12 16:00:00+00:00,AAPL,False,True,1.0
2026-08-12 16:00:00+00:00,TSLA,False,True,1.0
2026-08-12 20:00:00+00:00,QQQ,False,False,1.0
2026-08-12 20:00:00+00:00,SPY,False,False,1.0
2026-08-12 20:00:00+00:00,AAPL,False,False,1.0
2026-08-12 20:00:00+00:00,TSLA,False,False,1.0
2026-08-13 00:00:00+00:00,QQQ,False,False,1.0
2026-08-13 00:00:00+00:00,SPY,False,False,1.0
2026-08-13 00:00:00+00:00,AAPL,False,False,1.0
2026-08-13 00:00:00+00:00,TSLA,False,False,1.0
2026-08-13 04:00:00+00:00,QQQ,False,False,1.0
2026-08-13 04:00:00+00:00,AAPL,False,False,1.0
2026-08-13 04:00:00+00:00,TSLA,False,False,1.0
2026-08-13 08:00:00+00:00,QQQ,False,False,1.0
2026-08-13 08:00:00+00:00,SPY,False,False,1.0
2026-08-13 08:00:00+00:00,AAPL,False,False,1.0
2026-08-13 08:00:00+00:00,TSLA,False,False,1.0
2026-08-13 12:00:00+00:00,QQQ,False,False,1.0
2026-08-13 12:00:00+00:00,SPY,False,False,1.0
2026-08-13 12:00:00+00:00,AAPL,False,False,1.0
2026-08-13 12:00:00+00:00,TSLA,False,False,1.0
2026-08-13 16:00:00+00:00,QQQ,False,False,1.0
2026-08-13 16:00:00+00:00,SPY,False,False,1.0
2026-08-13 16:00:00+00:00,AAPL,False,False,1.0
2026-08-13 16:00:00+00:00,TSLA,False,False,1.0
2026-08-13 20:00:00+00:00,QQQ,True,False,1.0
2026-08-13 20:00:00+00:00,SPY,True,False,1.0
2026-08-13 20:00:00+00:00,AAPL,False,False,1.0
2026-08-13 20:00:00+00:00,TSLA,False,False,0.8709552571650614
2026-08-14 00:00:00+00:00,QQQ,False,False,1.0
2026-08-14 00:00:00+00:00,SPY,False,False,1.0
2026-08-14 00:00:00+00:00,AAPL,False,False,1.0
2026-08-14 00:00:00+00:00,TSLA,True,False,0.8727375639587305
2026-08-14 04:00:00+00:00,QQQ,False,False,1.0
2026-08-14 04:00:00+00:00,SPY,False,False,1.0
2026-08-14 04:00:00+00:00,AAPL,False,False,1.0
2026-08-14 04:00:00+00:00,TSLA,False,False,0.8619311936884306
2026-08-14 08:00:00+00:00,QQQ,False,False,1.0
2026-08-14 08:00:00+00:00,SPY,False,False,1.0
2026-08-14 08:00:00+00:00,AAPL,False,False,1.0
2026-08-14 08:00:00+00:00,TSLA,False,False,0.8647688763360741
2026-08-14 12:00:00+00:00,QQQ,False,False,1.0
2026-08-14 12:00:00+00:00,SPY,False,False,1.0
2026-08-14 12:00:00+00:00,AAPL,False,False,1.0
2026-08-14 12:00:00+00:00,TSLA,False,False,0.8671693969642436
2026-08-14 16:00:00+00:00,QQQ,False,False,1.0
2026-08-14 16:00:00+00:00,SPY,False,False,1.0
2026-08-14 16:00:00+00:00,AAPL,False,False,1.0
2026-08-14 16:00:00+00:00,TSLA,False,False,0.8292572022455138
2026-08-14 20:00:00+00:00,QQQ,False,False,1.0
2026-08-14 20:00:00+00:00,SPY,False,False,1.0
2026-08-14 20:00:00+00:00,AAPL,False,False,1.0
2026-08-14 20:00:00+00:00,TSLA,False,False,0.8082027735970813
2026-08-15 00:00:00+00:00,QQQ,False,False,1.0
2026-08-15 00:00:00+00:00,SPY,False,False,1.0
2026-08-15 00:00:00+00:00,AAPL,False,False,1.0
2026-08-15 00:00:00+00:00,TSLA,False,False,0.8054852042923183
2026-08-19 08:00:00+00:00,QQQ,False,False,1.0
2026-08-19 08:00:00+00:00,SPY,False,False,1.0
2026-08-19 08:00:00+00:00,TSLA,False,False,1.0
2026-08-19 12:00:00+00:00,QQQ,False,False,1.0
2026-08-19 12:00:00+00:00,SPY,False,False,1.0
2026-08-19 12:00:00+00:00,AAPL,False,False,1.0
2026-08-19 12:00:00+00:00,TSLA,False,False,1.0
2026-08-19 16:00:00+00:00,QQQ,False,False,1.0
2026-08-19 16:00:00+00:00,SPY,False,False,1.0
2026-08-19 16:00:00+00:00,AAPL,False,False,1.0
2026-08-19 16:00:00+00:00,TSLA,False,False,0.7470716737850946
2026-08-19 20:00:00+00:00,QQQ,False,False,1.0
2026-08-19 20:00:00+00:00,SPY,False,False,1.0
2026-08-19 20:00:00+00:00,AAPL,True,False,1.0
2026-08-19 20:00:00+00:00,TSLA,True,False,0.745268512087704
2026-08-20 00:00:00+00:00,QQQ,False,False,1.0
2026-08-20 00:00:00+00:00,SPY,False,False,1.0
2026-08-20 00:00:00+00:00,AAPL,False,False,1.0
2026-08-20 00:00:00+00:00,TSLA,True,False,0.7684885455159441
2026-08-20 04:00:00+00:00,AAPL,False,False,1.0
2026-08-20 04:00:00+00:00,TSLA,False,False,0.7907009495802385
2026-08-20 08:00:00+00:00,QQQ,False,False,1.0
2026-08-20 08:00:00+00:00,SPY,False,False,1.0
2026-08-20 08:00:00+00:00,AAPL,False,False,1.0
2026-08-20 08:00:00+00:00,TSLA,False,False,0.7907850118410165
2026-08-20 12:00:00+00:00,QQQ,False,True,1.0
2026-08-20 12:00:00+00:00,SPY,False,True,1.0
2026-08-20 12:00:00+00:00,AAPL,False,False,1.0
2026-08-20 12:00:00+00:00,TSLA,False,False,0.7911453930794137
2026-08-20 16:00:00+00:00,QQQ,False,True,1.0
2026-08-20 16:00:00+00:00,SPY,False,True,1.0
2026-08-20 16:00:00+00:00,AAPL,False,False,1.0
2026-08-20 16:00:00+00:00,TSLA,False,False,0.7843030162954212
2026-08-20 20:00:00+00:00,QQQ,False,False,1.0
2026-08-20 20:00:00+00:00,SPY,False,True,1.0
2026-08-20 20:00:00+00:00,TSLA,False,False,0.793419901478586
2026-08-21 00:00:00+00:00,QQQ,False,False,1.0
2026-08-21 00:00:00+00:00,SPY,False,False,1.0
2026-08-21 00:00:00+00:00,AAPL,False,False,1.0
2026-08-21 00:00:00+00:00,TSLA,False,False,0.7925761599453381
2026-08-21 04:00:00+00:00,QQQ,False,False,1.0
2026-08-21 04:00:00+00:00,SPY,False,False,1.0
2026-08-21 04:00:00+00:00,AAPL,False,False,1.0
2026-08-21 04:00:00+00:00,TSLA,False,False,0.8229435855618411
2026-08-21 08:00:00+00:00,QQQ,False,False,1.0
2026-08-21 08:00:00+00:00,AAPL,False,False,1.0
2026-08-21 08:00:00+00:00,TSLA,False,False,0.8216997678395571
2026-08-21 12:00:00+00:00,QQQ,False,False,1.0
2026-08-21 12:00:00+00:00,SPY,False,False,1.0
2026-08-21 12:00:00+00:00,AAPL,False,False,1.0
2026-08-21 12:00:00+00:00,TSLA,False,False,0.834505930580889
2026-08-21 16:00:00+00:00,QQQ,False,False,1.0
2026-08-21 16:00:00+00:00,SPY,False,False,1.0
2026-08-21 16:00:00+00:00,AAPL,False,False,1.0
2026-08-21 16:00:00+00:00,TSLA,False,False,0.6587258864438479
2026-08-21 20:00:00+00:00,QQQ,False,False,1.0
2026-08-21 20:00:00+00:00,SPY,False,False,1.0
2026-08-21 20:00:00+00:00,AAPL,False,False,1.0
2026-08-21 20:00:00+00:00,TSLA,True,False,0.6793173142332107
2026-08-22 00:00:00+00:00,QQQ,False,False,1.0
2026-08-22 00:00:00+00:00,SPY,False,False,1.0
2026-08-22 00:00:00+00:00,TSLA,False,False,0.6845196745862003
2026-08-26 08:00:00+00:00,QQQ,False,False,1.0
2026-08-26 08:00:00+00:00,SPY,False,False,1.0
2026-08-26 08:00:00+00:00,AAPL,False,False,1.0
2026-08-26 12:00:00+00:00,QQQ,False,False,1.0
2026-08-26 12:00:00+00:00,SPY,False,False,1.0
2026-08-26 12:00:00+00:00,AAPL,False,False,1.0
2026-08-26 12:00:00+00:00,TSLA,False,False,1.0
2026-08-26 16:00:00+00:00,QQQ,False,False,1.0
2026-08-26 16:00:00+00:00,SPY,False,False,1.0
2026-08-26 16:00:00+00:00,AAPL,False,False,1.0
2026-08-26 16:00:00+00:00,TSLA,False,True,1.0
2026-08-26 20:00:00+00:00,QQQ,False,False,1.0
2026-08-26 20:00:00+00:00,SPY,False,False,1.0
2026-08-26 20:00:00+00:00,AAPL,False,False,1.0
2026-08-26 20:00:00+00:00,TSLA,False,False,1.0
2026-08-27 00:00:00+00:00,QQQ,False,False,1.0
2026-08-27 00:00:00+00:00,AAPL,False,False,1.0
2026-08-27 00:00:00+00:00,TSLA,False,False,1.0
2026-08-27 04:00:00+00:00,QQQ,True,False,1.0
2026-08-27 04:00:00+00:00,SPY,True,False,1.0
2026-08-27 08:00:00+00:00,QQQ,False,False,1.0
2026-08-27 08:00:00+00:00,SPY,False,False,1.0
2026-08-27 08:00:00+00:00,TSLA,False,False,1.0
2026-08-27 12:00:00+00:00,QQQ,False,False,1.0
2026-08-27 12:00:00+00:00,SPY,False,False,1.0
2026-08-27 12:00:00+00:00,AAPL,False,False,1.0
2026-08-27 12:00:00+00:00,TSLA,False,False,1.0
2026-08-27 16:00:00+00:00,QQQ,False,False,1.0
2026-08-27 16:00:00+00:00,SPY,False,False,1.0
2026-08-27 16:00:00+00:00,AAPL,False,False,1.0
2026-08-27 20:00:00+00:00,QQQ,False,False,1.0
2026-08-27 20:00:00+00:00,SPY,False,False,1.0
2026-08-27 20:00:00+00:00,AAPL,False,False,1.0
2026-08-27 20:00:00+00:00,TSLA,False,False,1.0
2026-08-28 00:00:00+00:00,QQQ,False,False,1.0
2026-08-28 00:00:00+00:00,SPY,False,False,1.0
2026-08-28 00:00:00+00:00,AAPL,False,False,1.0
2026-08-28 00:00:00+00:00,TSLA,False,False,1.0
2026-08-28 04:00:00+00:00,QQQ,False,False,1.0
2026-08-28 04:00:00+00:00,AAPL,False,False,1.0
2026-08-28 04:00:00+00:00,TSLA,False,False,1.0
2026-08-28 08:00:00+00:00,QQQ,False,False,1.0
2026-08-28 08:00:00+00:00,AAPL,False,False,1.0
2026-08-28 08:00:00+00:00,TSLA,False,False,1.0
2026-08-28 12:00:00+00:00,QQQ,False,False,1.0
2026-08-28 12:00:00+00:00,SPY,False,False,1.0
2026-08-28 12:00:00+00:00,AAPL,False,False,1.0
2026-08-28 12:00:00+00:00,TSLA,False,False,1.0
2026-08-28 16:00:00+00:00,QQQ,False,False,1.0
2026-08-28 16:00:00+00:00,AAPL,True,False,1.0
2026-08-28 16:00:00+00:00,TSLA,False,False,1.0
2026-08-28 20:00:00+00:00,QQQ,False,True,1.0
2026-08-28 20:00:00+00:00,SPY,False,False,1.0
2026-08-28 20:00:00+00:00,AAPL,True,False,1.0
2026-08-28 20:00:00+00:00,TSLA,False,False,1.0
2026-08-29 00:00:00+00:00,QQQ,False,False,1.0
2026-08-29 00:00:00+00:00,SPY,False,False,1.0
2026-08-29 00:00:00+00:00,AAPL,False,False,1.0
2026-08-29 00:00:00+00:00,TSLA,False,False,1.0
2026-09-02 08:00:00+00:00,QQQ,False,False,1.0
2026-09-02 08:00:00+00:00,AAPL,False,False,0.8161459184644505
2026-09-02 08:00:00+00:00,TSLA,False,False,0.49786075899794763
2026-09-02 12:00:00+00:00,QQQ,False,False,1.0
2026-09-02 12:00:00+00:00,SPY,False,False,1.0
2026-09-02 12:00:00+00:00,AAPL,False,False,0.8467537637439021
2026-09-02 12:00:00+00:00,TSLA,False,False,0.5171721074421239
2026-09-02 16:00:00+00:00,QQQ,False,False,1.0
2026-09-02 16:00:00+00:00,SPY,False,False,1.0
2026-09-02 16:00:00+00:00,AAPL,False,False,0.8676519870697686
2026-09-02 16:00:00+00:00,TSLA,False,True,0.5217021254997171
2026-09-02 20:00:00+00:00,QQQ,False,False,1.0
2026-09-02 20:00:00+00:00,SPY,False,False,1.0
2026-09-02 20:00:00+00:00,AAPL,False,False,0.8975788572003938
2026-09-02 20:00:00+00:00,TSLA,False,False,0.5323799140156438
2026-09-03 00:00:00+00:00,QQQ,False,False,1.0
2026-09-03 00:00:00+00:00,SPY,False,False,1.0
2026-09-03 00:00:00+00:00,AAPL,False,False,0.9256831162424246
2026-09-03 00:00:00+00:00,TSLA,False,False,0.549669348546009
2026-09-03 04:00:00+00:00,QQQ,False,False,1.0
2026-09-03 04:00:00+00:00,SPY,False,False,1.0
2026-09-03 04:00:00+00:00,TSLA,False,False,0.56509087620677
2026-09-03 08:00:00+00:00,QQQ,False,False,1.0
2026-09-03 08:00:00+00:00,AAPL,False,False,0.9551085700474921
2026-09-03 08:00:00+00:00,TSLA,False,False,0.5658102321814141
2026-09-03 12:00:00+00:00,QQQ,False,False,1.0
2026-09-03 12:00:00+00:00,SPY,False,False,1.0
2026-09-03 12:00:00+00:00,TSLA,False,False,0.5707272124441068
2026-09-03 16:00:00+00:00,QQQ,False,False,1.0
2026-09-03 16:00:00+00:00,SPY,False,False,1.0
2026-09-03 16:00:00+00:00,AAPL,False,False,0.9240562205988558
2026-09-03 16:00:00+00:00,TSLA,False,False,0.5355250799598694
2026-09-03 20:00:00+00:00,QQQ,False,False,1.0
2026-09-03 20:00:00+00:00,SPY,True,False,1.0
2026-09-03 20:00:00+00:00,AAPL,False,False,0.9179919506043862
2026-09-03 20:00:00+00:00,TSLA,True,False,0.5148136912276494
2026-09-04 00:00:00+00:00,QQQ,False,False,1.0
2026-09-04 00:00:00+00:00,SPY,False,False,1.0
2026-09-04 00:00:00+00:00,AAPL,False,False,0.9164306817153665
2026-09-04 00:00:00+00:00,TSLA,False,False,0.5126610579690724
2026-09-04 04:00:00+00:00,QQQ,False,False,1.0
2026-09-04 04:00:00+00:00,SPY,False,False,1.0
2026-09-04 04:00:00+00:00,AAPL,False,False,0.918918735977132
2026-09-04 04:00:00+00:00,TSLA,False,False,0.5005371552244137
2026-09-04 08:00:00+00:00,QQQ,True,False,1.0
2026-09-04 08:00:00+00:00,AAPL,False,False,0.9132954072944541
2026-09-04 08:00:00+00:00,TSLA,False,False,0.5001037710434802
2026-09-04 12:00:00+00:00,QQQ,True,False,1.0
2026-09-04 12:00:00+00:00,SPY,False,False,1.0
2026-09-04 12:00:00+00:00,AAPL,False,False,0.9131402247714971
2026-09-04 12:00:00+00:00,TSLA,False,False,0.4933071742115463
2026-09-04 16:00:00+00:00,QQQ,False,False,1.0
2026-09-04 16:00:00+00:00,SPY,False,False,1.0
2026-09-04 16:00:00+00:00,AAPL,False,True,1.0
2026-09-04 16:00:00+00:00,TSLA,False,True,0.437162327734064
2026-09-04 20:00:00+00:00,QQQ,False,False,1.0
2026-09-04 20:00:00+00:00,SPY,False,False,1.0
2026-09-04 20:00:00+00:00,AAPL,False,False,1.0
2026-09-04 20:00:00+00:00,TSLA,False,False,0.4370820409206697
2026-09-05 00:00:00+00:00,QQQ,False,False,1.0
2026-09-05 00:00:00+00:00,SPY,False,False,1.0
2026-09-05 00:00:00+00:00,AAPL,False,False,1.0
2026-09-05 00:00:00+00:00,TSLA,False,False,0.43672984332266995
2026-09-10 08:00:00+00:00,QQQ,False,False,1.0
2026-09-10 08:00:00+00:00,SPY,False,False,1.0
2026-09-10 08:00:00+00:00,AAPL,False,False,1.0
2026-09-10 12:00:00+00:00,QQQ,False,True,1.0
2026-09-10 12:00:00+00:00,SPY,False,False,1.0
2026-09-10 12:00:00+00:00,AAPL,False,False,1.0
2026-09-10 12:00:00+00:00,TSLA,False,True,0.713956781500371
2026-09-10 16:00:00+00:00,QQQ,False,True,1.0
2026-09-10 16:00:00+00:00,SPY,False,True,1.0
2026-09-10 16:00:00+00:00,AAPL,False,False,1.0
2026-09-10 16:00:00+00:00,TSLA,False,False,0.7247699885298083
2026-09-10 20:00:00+00:00,QQQ,False,False,1.0
2026-09-10 20:00:00+00:00,SPY,False,False,1.0
2026-09-10 20:00:00+00:00,AAPL,False,False,1.0
2026-09-10 20:00:00+00:00,TSLA,False,False,0.728073449067868
2026-09-11 00:00:00+00:00,QQQ,False,False,1.0
2026-09-11 00:00:00+00:00,SPY,False,False,1.0
2026-09-11 00:00:00+00:00,AAPL,True,False,1.0
2026-09-11 00:00:00+00:00,TSLA,False,False,0.7514642324003189
2026-09-11 04:00:00+00:00,QQQ,False,False,1.0
2026-09-11 04:00:00+00:00,SPY,False,False,1.0
2026-09-11 04:00:00+00:00,AAPL,False,False,1.0
2026-09-11 04:00:00+00:00,TSLA,False,False,0.7698781392856214
2026-09-11 08:00:00+00:00,QQQ,False,False,1.0
2026-09-11 08:00:00+00:00,AAPL,False,False,1.0
2026-09-11 08:00:00+00:00,TSLA,False,False,0.7714106653152283
2026-09-11 12:00:00+00:00,QQQ,False,False,1.0
2026-09-11 12:00:00+00:00,SPY,False,False,1.0
2026-09-11 12:00:00+00:00,AAPL,False,False,1.0
2026-09-11 12:00:00+00:00,TSLA,False,False,0.7534540394234344
2026-09-11 16:00:00+00:00,QQQ,False,False,1.0
2026-09-11 16:00:00+00:00,SPY,False,False,1.0
2026-09-11 16:00:00+00:00,AAPL,False,False,1.0
2026-09-11 16:00:00+00:00,TSLA,False,False,1.0
2026-09-11 20:00:00+00:00,QQQ,False,False,1.0
2026-09-11 20:00:00+00:00,SPY,False,False,1.0
2026-09-11 20:00:00+00:00,AAPL,True,False,1.0
2026-09-11 20:00:00+00:00,TSLA,False,False,1.0
2026-09-12 00:00:00+00:00,QQQ,False,False,1.0
2026-09-12 00:00:00+00:00,SPY,False,False,1.0
2026-09-12 00:00:00+00:00,AAPL,False,False,1.0
2026-09-12 00:00:00+00:00,TSLA,False,False,1.0
